,,,pm25,rh,at,ws
2015-11-04,00:00:00,00:59:00,355.0,78.5,16.6,0.3
2015-11-04,01:00:00,01:59:00,304.0,79.92,16.18,0.3
2015-11-04,02:00:00,02:59:00,309.5,80.75,15.87,0.3
2015-11-04,03:00:00,03:59:00,334.83,81.5,15.48,0.3
2015-11-04,04:00:00,04:59:00,322.0,82.0,15.18,0.3
2015-11-04,05:00:00,05:59:00,309.67,82.58,14.93,0.3
2015-11-04,06:00:00,06:59:00,302.33,83.0,14.84,0.3
2015-11-04,07:00:00,07:59:00,331.33,82.25,15.71,0.3
2015-11-04,08:00:00,08:59:00,369.17,70.17,18.91,0.36
2015-11-04,09:00:00,09:59:00,370.0,47.67,23.17,1.03
2015-11-04,10:00:00,10:59:00,330.67,38.83,25.98,1.25
2015-11-04,11:00:00,11:59:00,255.5,34.58,27.73,1.53
2015-11-04,12:00:00,12:59:00,232.83,32.5,29.15,1.31
2015-11-04,13:00:00,13:59:00,198.17,30.33,30.2,1.06
2015-11-04,14:00:00,14:59:00,144.5,30.67,29.67,0.9
2015-11-04,15:00:00,15:59:00,97.67,33.5,28.42,0.38
2015-11-04,16:00:00,16:59:00,109.0,45.0,26.06,0.3
2015-11-04,17:00:00,17:59:00,149.0,58.75,22.69,0.3
2015-11-04,18:00:00,18:59:00,169.0,68.92,20.36,0.3
2015-11-04,19:00:00,19:59:00,259.18,72.75,19.31,0.3
2015-11-04,20:00:00,20:59:00,266.33,74.42,18.82,0.3
2015-11-04,21:00:00,21:59:00,293.33,75.0,18.22,0.3
2015-11-04,22:00:00,22:59:00,267.33,76.33,17.72,0.3
2015-11-04,23:00:00,23:59:00,254.0,77.5,17.21,0.3
2015-11-05,00:00:00,00:59:00,252.0,75.83,16.99,0.3
2015-11-05,01:00:00,01:59:00,224.5,65.58,18.4,0.37
2015-11-05,02:00:00,02:59:00,182.33,62.83,18.75,0.57
2015-11-05,03:00:00,03:59:00,170.83,67.75,18.4,1.02
2015-11-05,04:00:00,04:59:00,236.17,63.83,18.6,1.67
2015-11-05,05:00:00,05:59:00,267.17,67.92,17.68,1.65
2015-11-05,06:00:00,06:59:00,247.33,69.75,17.29,2.12
2015-11-05,07:00:00,07:59:00,141.5,67.83,17.38,2.63
2015-11-05,08:00:00,08:59:00,123.83,63.58,18.6,2.96
2015-11-05,09:00:00,09:59:00,95.33,74.25,17.33,1.83
2015-11-05,10:00:00,10:59:00,82.17,74.33,18.04,1.11
2015-11-05,11:00:00,11:59:00,83.17,75.92,18.43,1.83
2015-11-05,12:00:00,12:59:00,84.33,62.0,21.77,1.76
2015-11-05,13:00:00,13:59:00,83.33,56.25,22.28,1.4
2015-11-05,14:00:00,14:59:00,71.67,48.83,24.73,1.25
2015-11-05,15:00:00,15:59:00,78.18,46.5,24.13,0.83
2015-11-05,16:00:00,16:59:00,67.5,47.0,23.68,0.58
2015-11-05,17:00:00,17:59:00,56.5,55.58,21.28,0.32
2015-11-05,18:00:00,18:59:00,70.67,66.0,19.21,0.3
2015-11-05,19:00:00,19:59:00,110.5,70.17,19.26,0.41
2015-11-05,20:00:00,20:59:00,138.83,72.58,18.85,1.31
2015-11-05,21:00:00,21:59:00,112.33,71.92,18.34,1.24
2015-11-05,22:00:00,22:59:00,79.67,66.83,17.81,0.96
2015-11-05,23:00:00,23:59:00,58.0,68.8,16.87,0.33
2015-11-06,00:00:00,00:59:00,57.33,72.5,15.61,0.31
2015-11-06,01:00:00,01:59:00,54.33,76.67,15.01,0.3
2015-11-06,02:00:00,02:59:00,56.17,75.0,15.03,0.32
2015-11-06,03:00:00,03:59:00,58.0,77.33,14.55,0.37
2015-11-06,04:00:00,04:59:00,61.33,77.58,14.52,0.38
2015-11-06,05:00:00,05:59:00,54.17,77.5,14.71,0.47
2015-11-06,06:00:00,06:59:00,59.83,78.5,14.62,0.42
2015-11-06,07:00:00,07:59:00,64.0,79.08,15.26,0.34
2015-11-06,08:00:00,08:59:00,91.83,71.25,17.83,0.49
2015-11-06,09:00:00,09:59:00,105.0,56.67,21.58,1.02
2015-11-06,10:00:00,10:59:00,101.83,45.67,24.48,0.89
2015-11-06,11:00:00,11:59:00,107.5,40.83,26.39,0.61
2015-11-06,12:00:00,12:59:00,89.0,37.25,27.71,0.68
2015-11-06,13:00:00,13:59:00,81.33,36.33,28.19,0.68
2015-11-06,14:00:00,14:59:00,69.83,36.92,27.75,0.44
2015-11-06,15:00:00,15:59:00,83.0,44.58,26.16,0.48
2015-11-06,16:00:00,16:59:00,130.5,53.92,24.04,0.68
2015-11-06,17:00:00,17:59:00,274.5,60.5,22.11,0.37
2015-11-06,18:00:00,18:59:00,308.33,63.75,20.63,0.35
2015-11-06,19:00:00,19:59:00,308.33,62.5,19.98,0.34
2015-11-06,20:00:00,20:59:00,280.17,67.67,19.0,0.3
2015-11-06,21:00:00,21:59:00,313.33,73.0,18.17,0.3
2015-11-06,22:00:00,22:59:00,346.67,72.25,17.97,0.3
2015-11-06,23:00:00,23:59:00,330.0,73.3,17.16,0.3
2015-11-01,09:00:00,09:59:00,407.67,41.33,26.38,0.3
2015-11-01,10:00:00,10:59:00,342.33,35.67,28.15,0.75
2015-11-01,11:00:00,11:59:00,238.5,34.17,28.66,1.08
2015-11-01,12:00:00,12:59:00,126.0,30.92,28.99,0.85
2015-11-01,13:00:00,13:59:00,74.33,28.67,29.74,0.86
2015-11-01,14:00:00,14:59:00,67.83,31.33,28.45,0.95
2015-11-01,15:00:00,15:59:00,90.0,35.58,26.95,0.52
2015-11-01,16:00:00,16:59:00,157.33,43.17,24.84,0.34
2015-11-01,17:00:00,17:59:00,185.67,57.33,21.76,0.3
2015-11-01,18:00:00,18:59:00,279.0,66.92,19.85,0.3
2015-11-01,19:00:00,19:59:00,344.83,71.33,18.81,0.3
2015-11-01,20:00:00,20:59:00,425.33,74.17,18.32,0.3
2015-11-01,21:00:00,21:59:00,417.67,76.0,17.65,0.3
2015-11-01,22:00:00,22:59:00,346.0,77.58,17.09,0.3
2015-11-01,23:00:00,23:59:00,,79.1,16.68,0.3
2015-11-02,00:00:00,00:59:00,,80.5,16.12,0.3
2015-11-02,01:00:00,01:59:00,,81.42,15.88,0.3
2015-11-02,02:00:00,02:59:00,,82.0,15.56,0.3
2015-11-02,03:00:00,03:59:00,,82.25,15.33,0.3
2015-11-02,04:00:00,04:59:00,,82.92,14.93,0.3
2015-11-02,05:00:00,05:59:00,,83.75,14.62,0.3
2015-11-02,06:00:00,06:59:00,,84.0,14.51,0.3
2015-11-02,07:00:00,07:59:00,,83.5,15.8,0.3
2015-11-02,08:00:00,08:59:00,,71.58,19.89,0.35
2015-11-02,09:00:00,09:59:00,,50.0,24.58,0.74
2015-11-02,10:00:00,10:59:00,,41.0,27.33,0.91
2015-11-02,11:00:00,11:59:00,98.0,34.75,29.31,1.08
2015-11-02,12:00:00,12:59:00,96.33,29.83,30.45,0.99
2015-11-02,13:00:00,13:59:00,84.33,30.75,29.92,0.88
2015-11-02,14:00:00,14:59:00,67.0,31.42,28.99,1.1
2015-11-02,15:00:00,15:59:00,72.0,33.33,27.98,0.64
2015-11-02,16:00:00,16:59:00,79.0,42.5,25.66,0.32
2015-11-02,17:00:00,17:59:00,139.83,56.83,22.42,0.3
2015-11-02,18:00:00,18:59:00,261.5,58.42,21.27,0.3
2015-11-02,19:00:00,19:59:00,232.18,64.0,20.12,0.31
2015-11-02,20:00:00,20:59:00,277.5,70.67,19.07,0.31
2015-11-02,21:00:00,21:59:00,317.0,73.83,18.32,0.3
2015-11-02,22:00:00,22:59:00,294.67,76.92,17.67,0.3
2015-11-02,23:00:00,23:59:00,258.0,78.5,17.28,0.3
2015-11-03,00:00:00,00:59:00,270.83,79.92,16.75,0.3
2015-11-03,01:00:00,01:59:00,289.83,81.17,16.35,0.3
2015-11-03,02:00:00,02:59:00,234.67,81.92,16.07,0.3
2015-11-03,03:00:00,03:59:00,210.17,80.75,16.72,0.3
2015-11-03,04:00:00,04:59:00,198.83,77.58,17.3,0.3
2015-11-03,05:00:00,05:59:00,214.17,75.5,17.31,0.3
2015-11-03,06:00:00,06:59:00,221.33,76.58,16.93,0.3
2015-11-03,07:00:00,07:59:00,238.67,73.75,18.07,0.3
2015-11-03,08:00:00,08:59:00,299.09,65.67,20.44,0.3
2015-11-03,09:00:00,09:59:00,337.0,51.67,23.3,0.4
2015-11-03,10:00:00,10:59:00,366.17,39.0,26.96,0.57
2015-11-03,11:00:00,11:59:00,335.5,34.83,28.45,0.78
2015-11-03,12:00:00,12:59:00,198.83,32.92,29.64,0.93
2015-11-03,13:00:00,13:59:00,170.5,33.0,29.28,0.87
2015-11-03,14:00:00,14:59:00,131.0,37.17,27.48,0.67
2015-11-03,15:00:00,15:59:00,120.64,38.92,26.82,0.46
2015-11-03,16:00:00,16:59:00,118.09,42.17,25.5,0.33
2015-11-03,17:00:00,17:59:00,126.91,49.92,23.11,0.32
2015-11-03,18:00:00,18:59:00,195.18,55.75,21.29,0.3
2015-11-03,19:00:00,19:59:00,244.4,57.92,20.19,0.3
2015-11-03,20:00:00,20:59:00,290.73,67.67,19.0,0.3
2015-11-03,21:00:00,21:59:00,426.55,72.33,18.22,0.3
2015-11-03,22:00:00,22:59:00,382.27,74.83,17.76,0.3
2015-11-03,23:00:00,23:59:00,415.0,76.7,17.32,0.3
2015-11-07,00:00:00,00:59:00,343.17,77.08,16.14,0.3
2015-11-07,01:00:00,01:59:00,344.0,74.92,15.79,0.3
2015-11-07,02:00:00,02:59:00,322.83,67.83,15.78,0.32
2015-11-07,03:00:00,03:59:00,345.5,70.83,14.93,0.3
2015-11-07,04:00:00,04:59:00,362.33,75.25,14.34,0.3
2015-11-07,05:00:00,05:59:00,358.17,78.92,13.93,0.3
2015-11-07,06:00:00,06:59:00,360.83,80.67,13.83,0.3
2015-11-07,07:00:00,07:59:00,402.45,80.42,14.68,0.3
2015-11-07,08:00:00,08:59:00,446.33,75.17,16.95,0.3
2015-11-07,09:00:00,09:59:00,479.83,63.08,20.75,0.52
2015-11-07,10:00:00,10:59:00,387.0,54.17,23.36,0.86
2015-11-07,11:00:00,11:59:00,364.17,43.0,26.1,0.44
2015-11-07,12:00:00,12:59:00,278.91,38.08,27.03,0.58
2015-11-07,13:00:00,13:59:00,195.2,42.17,26.92,0.75
2015-11-07,14:00:00,14:59:00,272.17,47.0,25.22,1.05
2015-11-07,15:00:00,15:59:00,406.0,45.08,24.21,0.94
2015-11-07,16:00:00,16:59:00,266.0,49.92,22.89,0.55
2015-11-07,17:00:00,17:59:00,247.17,57.5,20.88,0.3
2015-11-07,18:00:00,18:59:00,276.17,62.83,19.99,0.44
2015-11-07,19:00:00,19:59:00,265.0,63.75,19.81,0.58
2015-11-07,20:00:00,20:59:00,251.83,65.83,19.18,0.46
2015-11-07,21:00:00,21:59:00,238.83,68.75,18.47,0.3
2015-11-07,22:00:00,22:59:00,254.5,69.58,18.17,0.3
2015-11-07,23:00:00,23:59:00,262.0,75.1,17.01,0.3
2015-11-08,00:00:00,00:59:00,283.0,78.08,16.37,0.3
2015-11-08,01:00:00,01:59:00,284.5,77.33,16.05,0.3
2015-11-08,02:00:00,02:59:00,266.5,77.0,16.05,0.32
2015-11-08,03:00:00,03:59:00,263.09,70.0,16.57,0.65
2015-11-08,04:00:00,04:59:00,259.17,66.5,16.32,0.47
2015-11-08,05:00:00,05:59:00,258.5,67.0,16.21,0.38
2015-11-08,06:00:00,06:59:00,253.83,70.17,15.84,0.3
2015-11-08,07:00:00,07:59:00,273.17,70.92,16.51,0.32
2015-11-08,08:00:00,08:59:00,297.0,60.92,19.06,0.58
2015-11-08,09:00:00,09:59:00,290.67,51.75,21.63,0.77
2015-11-08,10:00:00,10:59:00,304.0,42.75,24.04,0.99
2015-11-08,11:00:00,11:59:00,279.17,41.58,25.39,1.41
2015-11-08,12:00:00,12:59:00,265.67,41.42,26.02,1.53
2015-11-08,13:00:00,13:59:00,199.33,39.67,26.58,1.1
2015-11-08,14:00:00,14:59:00,214.0,39.5,26.05,1.41
2015-11-08,15:00:00,15:59:00,155.67,42.25,24.88,1.06
2015-11-08,16:00:00,16:59:00,161.83,45.0,23.26,0.92
2015-11-08,17:00:00,17:59:00,150.5,48.42,21.42,0.6
2015-11-08,18:00:00,18:59:00,150.17,53.08,20.02,0.4
2015-11-08,19:00:00,19:59:00,163.67,56.42,19.0,0.33
2015-11-08,20:00:00,20:59:00,174.0,57.42,18.33,0.34
2015-11-08,21:00:00,21:59:00,161.17,63.92,16.98,0.3
2015-11-08,22:00:00,22:59:00,175.17,69.58,16.1,0.3
2015-11-08,23:00:00,23:59:00,191.0,73.2,15.58,0.3
2015-11-09,00:00:00,00:59:00,214.67,77.33,15.03,0.3
2015-11-09,01:00:00,01:59:00,239.33,79.67,14.66,0.3
2015-11-09,02:00:00,02:59:00,218.17,80.0,15.15,0.3
2015-11-09,03:00:00,03:59:00,203.83,80.42,14.94,0.3
2015-11-09,04:00:00,04:59:00,203.17,81.92,14.61,0.3
2015-11-09,05:00:00,05:59:00,202.67,82.83,14.36,0.3
2015-11-09,06:00:00,06:59:00,202.0,83.42,14.31,0.3
2015-11-09,07:00:00,07:59:00,234.33,81.33,15.55,0.3
2015-11-09,08:00:00,08:59:00,245.0,71.08,17.88,0.7
2015-11-09,09:00:00,09:59:00,229.27,57.33,21.12,1.21
2015-11-09,10:00:00,10:59:00,177.33,44.83,24.77,0.63
2015-11-09,11:00:00,11:59:00,151.67,36.92,25.77,0.98
2015-11-09,12:00:00,12:59:00,109.83,33.67,27.47,0.95
2015-11-09,13:00:00,13:59:00,84.67,32.75,27.45,1.19
2015-11-09,14:00:00,14:59:00,92.5,34.33,26.98,1.07
2015-11-09,15:00:00,15:59:00,119.83,36.42,25.93,0.86
2015-11-09,16:00:00,16:59:00,142.18,41.33,24.35,0.44
2015-11-09,17:00:00,17:59:00,139.0,52.67,21.29,0.3
2015-11-09,18:00:00,18:59:00,176.83,63.0,19.17,0.3
2015-11-09,19:00:00,19:59:00,263.67,69.17,18.22,0.3
2015-11-09,20:00:00,20:59:00,387.67,73.17,17.48,0.3
2015-11-09,21:00:00,21:59:00,429.5,76.08,16.77,0.3
2015-11-09,22:00:00,22:59:00,369.33,78.08,16.19,0.3
2015-11-09,23:00:00,23:59:00,356.0,79.5,15.83,0.3
2015-11-10,00:00:00,00:59:00,343.83,80.92,15.55,0.3
2015-11-10,01:00:00,01:59:00,326.33,81.92,15.32,0.3
2015-11-10,02:00:00,02:59:00,268.33,82.17,15.07,0.3
2015-11-10,03:00:00,03:59:00,266.33,83.08,14.74,0.3
2015-11-10,04:00:00,04:59:00,247.83,83.83,14.5,0.3
2015-11-10,05:00:00,05:59:00,249.67,84.0,14.41,0.3
2015-11-10,06:00:00,06:59:00,265.67,84.17,14.51,0.3
2015-11-10,07:00:00,07:59:00,290.33,83.83,15.64,0.3
2015-11-10,08:00:00,08:59:00,350.0,72.17,18.67,0.3
2015-11-10,09:00:00,09:59:00,342.17,50.83,22.38,0.75
2015-11-10,10:00:00,10:59:00,218.67,40.58,25.54,0.82
2015-11-10,11:00:00,11:59:00,167.33,36.92,26.87,1.05
2015-11-10,12:00:00,12:59:00,141.17,35.08,27.93,0.92
2015-11-10,13:00:00,13:59:00,129.91,36.0,27.69,0.81
2015-11-10,14:00:00,14:59:00,164.0,37.25,27.0,0.81
2015-11-10,15:00:00,15:59:00,190.33,41.75,25.49,0.85
2015-11-10,16:00:00,16:59:00,201.17,47.42,24.1,0.52
2015-11-10,17:00:00,17:59:00,244.67,56.0,21.72,0.31
2015-11-10,18:00:00,18:59:00,362.17,66.33,19.89,0.3
2015-11-10,19:00:00,19:59:00,392.5,68.42,19.32,0.3
2015-11-10,20:00:00,20:59:00,478.67,70.08,18.92,0.3
2015-11-10,21:00:00,21:59:00,649.0,71.17,18.53,0.3
2015-11-10,22:00:00,22:59:00,537.45,70.92,18.4,0.38
2015-11-10,23:00:00,23:59:00,553.0,71.7,17.96,0.33
2015-11-11,00:00:00,00:59:00,518.18,74.08,17.1,0.3
2015-11-11,01:00:00,01:59:00,482.17,68.25,16.77,0.33
2015-11-11,02:00:00,02:59:00,377.17,66.17,16.27,0.31
2015-11-11,03:00:00,03:59:00,323.33,69.08,15.55,0.33
2015-11-11,04:00:00,04:59:00,325.0,69.0,15.22,0.46
2015-11-11,05:00:00,05:59:00,321.83,65.75,15.23,0.38
2015-11-11,06:00:00,06:59:00,315.17,72.5,14.18,0.3
2015-11-11,07:00:00,07:59:00,365.83,72.08,14.72,0.44
2015-11-11,08:00:00,08:59:00,373.67,57.5,18.02,1.03
2015-11-11,09:00:00,09:59:00,277.67,45.42,21.34,1.59
2015-11-11,10:00:00,10:59:00,194.33,37.5,23.88,1.69
2015-11-11,11:00:00,11:59:00,135.17,33.67,25.46,1.96
2015-11-11,12:00:00,12:59:00,120.17,31.08,26.86,2.06
2015-11-11,13:00:00,13:59:00,77.33,30.67,27.05,2.18
2015-11-11,14:00:00,14:59:00,132.83,30.92,26.63,2.0
2015-11-11,15:00:00,15:59:00,128.33,32.25,25.6,1.8
2015-11-11,16:00:00,16:59:00,133.17,34.17,24.24,1.06
2015-11-11,17:00:00,17:59:00,132.0,38.75,21.63,0.66
2015-11-11,18:00:00,18:59:00,179.17,47.33,19.28,0.31
2015-11-11,19:00:00,19:59:00,281.0,53.42,18.14,0.5
2015-11-11,20:00:00,20:59:00,645.0,52.92,18.14,0.87
2015-11-11,21:00:00,21:59:00,941.17,52.17,18.15,0.89
2015-11-11,22:00:00,22:59:00,724.17,56.58,16.97,0.58
2015-11-11,23:00:00,23:59:00,735.0,56.9,16.69,0.99
2015-11-12,00:00:00,00:59:00,726.36,60.42,15.82,0.93
2015-11-12,01:00:00,01:59:00,676.4,62.5,15.22,1.25
2015-11-12,02:00:00,02:59:00,512.83,63.17,14.87,1.35
2015-11-12,03:00:00,03:59:00,391.0,65.75,14.17,1.02
2015-11-12,04:00:00,04:59:00,357.5,66.17,14.06,1.18
2015-11-12,05:00:00,05:59:00,339.0,65.33,14.07,1.36
2015-11-12,06:00:00,06:59:00,327.0,66.42,13.77,1.5
2015-11-12,07:00:00,07:59:00,289.0,65.75,14.27,1.74
2015-11-12,08:00:00,08:59:00,275.83,58.33,16.77,2.02
2015-11-12,09:00:00,09:59:00,275.6,49.67,20.0,2.07
2015-11-12,10:00:00,10:59:00,185.83,41.5,22.66,2.37
2015-11-12,11:00:00,11:59:00,158.67,35.58,24.8,2.45
2015-11-12,12:00:00,12:59:00,145.5,32.75,26.21,2.21
2015-11-12,13:00:00,13:59:00,107.5,30.67,27.24,1.86
2015-11-12,14:00:00,14:59:00,84.0,31.58,26.72,1.79
2015-11-12,15:00:00,15:59:00,104.83,33.08,25.84,1.66
2015-11-12,16:00:00,16:59:00,112.83,36.42,24.49,0.82
2015-11-12,17:00:00,17:59:00,135.17,46.25,21.42,0.32
2015-11-12,18:00:00,18:59:00,169.0,57.0,19.06,0.3
2015-11-12,19:00:00,19:59:00,277.67,55.42,19.16,0.32
2015-11-12,20:00:00,20:59:00,362.17,52.08,19.45,0.45
2015-11-12,21:00:00,21:59:00,330.83,56.5,18.28,0.32
2015-11-12,22:00:00,22:59:00,425.67,67.25,16.34,0.32
2015-11-12,23:00:00,23:59:00,579.0,69.1,16.04,0.3
2015-11-13,00:00:00,00:59:00,564.5,69.25,15.78,0.3
2015-11-13,01:00:00,01:59:00,541.0,71.17,15.05,0.3
2015-11-13,02:00:00,02:59:00,458.17,72.5,14.7,0.3
2015-11-13,03:00:00,03:59:00,396.5,69.58,14.85,0.52
2015-11-13,04:00:00,04:59:00,355.0,68.08,14.88,1.12
2015-11-13,05:00:00,05:59:00,326.33,67.58,14.67,1.1
2015-11-13,06:00:00,06:59:00,277.33,69.67,14.1,0.68
2015-11-13,07:00:00,07:59:00,249.17,69.67,14.63,0.41
2015-11-13,08:00:00,08:59:00,258.67,61.5,17.49,0.85
2015-11-13,09:00:00,09:59:00,315.33,50.5,20.85,1.13
2015-11-13,10:00:00,10:59:00,398.67,41.83,23.62,1.42
2015-11-13,11:00:00,11:59:00,472.9,36.25,25.83,1.74
2015-11-13,12:00:00,12:59:00,329.0,34.8,26.84,2.02
2015-11-13,13:00:00,13:59:00,235.5,34.5,27.19,1.87
2015-11-13,14:00:00,14:59:00,230.0,34.75,27.0,1.87
2015-11-13,15:00:00,15:59:00,198.0,36.0,26.29,1.52
2015-11-13,16:00:00,16:59:00,178.0,39.17,24.97,0.93
2015-11-13,17:00:00,17:59:00,207.33,46.67,22.52,0.57
2015-11-13,18:00:00,18:59:00,231.5,54.67,20.38,0.3
2015-11-13,19:00:00,19:59:00,258.67,57.92,19.56,0.4
2015-11-13,20:00:00,20:59:00,338.36,63.92,18.11,0.3
2015-11-13,21:00:00,21:59:00,362.17,60.75,18.57,0.34
2015-11-13,22:00:00,22:59:00,340.83,61.08,18.23,0.37
2015-11-13,23:00:00,23:59:00,355.0,59.7,18.2,0.35
2015-11-14,00:00:00,00:59:00,329.33,64.25,17.11,0.3
2015-11-14,01:00:00,01:59:00,346.67,70.83,15.8,0.3
2015-11-14,02:00:00,02:59:00,358.5,74.33,15.17,0.3
2015-11-14,03:00:00,03:59:00,393.17,74.67,15.02,0.3
2015-11-14,04:00:00,04:59:00,349.17,72.08,15.16,0.43
2015-11-14,05:00:00,05:59:00,322.33,71.58,14.96,0.52
2015-11-14,06:00:00,06:59:00,305.67,72.0,14.73,0.73
2015-11-14,07:00:00,07:59:00,288.33,70.5,15.35,1.13
2015-11-14,08:00:00,08:59:00,289.17,64.17,17.62,1.58
2015-11-14,09:00:00,09:59:00,301.5,55.83,20.39,1.79
2015-11-14,10:00:00,10:59:00,250.83,46.5,23.21,1.85
2015-11-14,11:00:00,11:59:00,200.33,38.83,25.76,1.88
2015-11-14,12:00:00,12:59:00,140.17,35.42,27.49,1.62
2015-11-14,13:00:00,13:59:00,83.5,34.75,27.58,1.88
2015-11-14,14:00:00,14:59:00,93.33,34.25,27.46,1.68
2015-11-14,15:00:00,15:59:00,83.5,35.83,26.51,1.45
2015-11-14,16:00:00,16:59:00,106.17,40.17,24.99,0.78
2015-11-14,17:00:00,17:59:00,137.5,48.33,22.15,0.48
2015-11-14,18:00:00,18:59:00,171.5,55.67,20.26,0.36
2015-11-14,19:00:00,19:59:00,208.33,59.75,19.32,0.46
2015-11-14,20:00:00,20:59:00,238.17,66.17,17.88,0.31
2015-11-14,21:00:00,21:59:00,271.5,68.5,17.15,0.32
2015-11-14,22:00:00,22:59:00,228.5,65.92,17.26,0.54
2015-11-14,23:00:00,23:59:00,201.0,65.1,17.02,0.42
2015-11-15,00:00:00,00:59:00,214.33,70.17,15.85,0.3
2015-11-15,01:00:00,01:59:00,239.17,73.08,15.22,0.3
2015-11-15,02:00:00,02:59:00,229.33,72.5,15.05,0.31
2015-11-15,03:00:00,03:59:00,230.17,73.08,14.53,0.3
2015-11-15,04:00:00,04:59:00,251.67,76.17,13.92,0.33
2015-11-15,05:00:00,05:59:00,252.83,77.5,13.56,0.3
2015-11-15,06:00:00,06:59:00,244.33,75.5,13.54,0.35
2015-11-15,07:00:00,07:59:00,260.0,72.75,14.55,0.62
2015-11-15,08:00:00,08:59:00,286.5,61.17,18.22,0.88
2015-11-15,09:00:00,09:59:00,304.17,48.08,22.52,0.96
2015-11-15,10:00:00,10:59:00,218.67,38.33,26.32,0.78
2015-11-15,11:00:00,11:59:00,163.83,34.58,27.99,1.04
2015-11-15,12:00:00,12:59:00,158.17,27.42,29.62,1.23
2015-11-15,13:00:00,13:59:00,89.83,26.0,30.11,1.12
2015-11-15,14:00:00,14:59:00,119.17,24.58,29.37,1.18
2015-11-15,15:00:00,15:59:00,114.83,29.17,28.15,0.46
2015-11-15,16:00:00,16:59:00,96.17,41.58,24.91,0.32
2015-11-15,17:00:00,17:59:00,158.67,56.5,21.03,0.3
2015-11-15,18:00:00,18:59:00,297.67,64.25,18.98,0.3
2015-11-15,19:00:00,19:59:00,326.0,67.0,18.16,0.3
2015-11-15,20:00:00,20:59:00,340.17,69.67,17.59,0.3
2015-11-15,21:00:00,21:59:00,387.83,70.08,17.02,0.3
2015-11-15,22:00:00,22:59:00,266.17,69.25,17.11,0.31
2015-11-15,23:00:00,23:59:00,237.0,69.4,17.22,0.3
2015-11-16,00:00:00,00:59:00,234.17,72.25,16.2,0.3
2015-11-16,01:00:00,01:59:00,238.33,73.58,15.69,0.3
2015-11-16,02:00:00,02:59:00,183.5,75.33,15.42,0.3
2015-11-16,03:00:00,03:59:00,200.67,70.17,15.78,0.33
2015-11-16,04:00:00,04:59:00,204.33,70.83,15.07,0.3
2015-11-16,05:00:00,05:59:00,227.0,68.83,14.87,0.31
2015-11-16,06:00:00,06:59:00,204.67,64.25,15.07,0.45
2015-11-16,07:00:00,07:59:00,206.5,70.0,15.14,0.32
2015-11-16,08:00:00,08:59:00,269.67,59.42,18.82,0.49
2015-11-16,09:00:00,09:59:00,236.5,45.5,23.33,0.59
2015-11-16,10:00:00,10:59:00,173.0,37.67,26.37,1.02
2015-11-16,11:00:00,11:59:00,143.0,34.88,27.1,1.41
2015-11-16,12:00:00,12:59:00,,,,
2015-11-16,13:00:00,13:59:00,,,,
2015-11-16,14:00:00,14:59:00,,,,
2015-11-16,15:00:00,15:59:00,,,,
2015-11-16,16:00:00,16:59:00,,,,
2015-11-16,17:00:00,17:59:00,,,,
2015-11-16,18:00:00,18:59:00,,,,
2015-11-16,19:00:00,19:59:00,,,,
2015-11-16,20:00:00,20:59:00,,,,
2015-11-16,21:00:00,21:59:00,,,,
2015-11-16,22:00:00,22:59:00,,,,
2015-11-16,23:00:00,23:59:00,,,,
2015-11-17,00:00:00,00:59:00,,,,
2015-11-17,01:00:00,01:59:00,,,,
2015-11-17,02:00:00,02:59:00,,,,
2015-11-17,03:00:00,03:59:00,,,,
2015-11-17,04:00:00,04:59:00,,,,
2015-11-17,05:00:00,05:59:00,,,,
2015-11-17,06:00:00,06:59:00,,,,
2015-11-17,07:00:00,07:59:00,,,,
2015-11-17,08:00:00,08:59:00,,,,
2015-11-17,09:00:00,09:59:00,,,,
2015-11-17,10:00:00,10:59:00,,,,
2015-11-17,11:00:00,11:59:00,,,,
2015-11-17,12:00:00,12:59:00,,,,
2015-11-17,13:00:00,13:59:00,,,,
2015-11-17,14:00:00,14:59:00,,,,
2015-11-17,15:00:00,15:59:00,,,,
2015-11-17,16:00:00,16:59:00,,,,
2015-11-17,17:00:00,17:59:00,74.33,33.75,19.37,0.3
2015-11-17,18:00:00,18:59:00,141.83,42.17,16.89,0.3
2015-11-17,19:00:00,19:59:00,221.0,53.17,14.61,0.3
2015-11-17,20:00:00,20:59:00,357.0,56.08,13.76,0.3
2015-11-17,21:00:00,21:59:00,389.5,54.5,13.28,0.3
2015-11-17,22:00:00,22:59:00,269.67,57.5,12.55,0.3
2015-11-17,23:00:00,23:59:00,233.0,62.1,11.71,0.3
2015-11-18,00:00:00,00:59:00,242.17,51.75,12.41,0.3
2015-11-18,01:00:00,01:59:00,243.0,52.0,12.08,0.3
2015-11-18,02:00:00,02:59:00,242.5,54.92,11.38,0.3
2015-11-18,03:00:00,03:59:00,240.17,57.67,10.67,0.3
2015-11-18,04:00:00,04:59:00,235.67,54.75,10.91,0.3
2015-11-18,05:00:00,05:59:00,201.17,54.92,10.42,0.3
2015-11-18,06:00:00,06:59:00,175.5,63.83,8.89,0.3
2015-11-18,07:00:00,07:59:00,244.5,60.58,10.16,0.32
2015-11-18,08:00:00,08:59:00,246.5,45.67,14.9,0.71
2015-11-18,09:00:00,09:59:00,216.83,37.33,18.8,0.95
2015-11-18,10:00:00,10:59:00,197.33,32.08,21.62,1.27
2015-11-18,11:00:00,11:59:00,152.17,28.25,24.14,1.3
2015-11-18,12:00:00,12:59:00,129.33,25.25,24.94,1.83
2015-11-18,13:00:00,13:59:00,64.17,24.17,25.48,1.31
2015-11-18,14:00:00,14:59:00,82.33,25.75,24.88,1.27
2015-11-18,15:00:00,15:59:00,96.33,27.0,23.96,0.8
2015-11-18,16:00:00,16:59:00,108.0,31.75,22.41,0.39
2015-11-18,17:00:00,17:59:00,123.33,45.25,18.08,0.3
2015-11-18,18:00:00,18:59:00,218.33,56.58,15.43,0.3
2015-11-18,19:00:00,19:59:00,325.0,60.92,14.48,0.3
2015-11-18,20:00:00,20:59:00,391.83,65.25,13.67,0.3
2015-11-18,21:00:00,21:59:00,354.83,68.42,12.84,0.3
2015-11-18,22:00:00,22:59:00,358.67,67.67,12.33,0.3
2015-11-18,23:00:00,23:59:00,282.0,66.6,11.93,0.3
2015-11-19,00:00:00,00:59:00,273.17,70.33,11.26,0.3
2015-11-19,01:00:00,01:59:00,301.83,74.0,10.64,0.3
2015-11-19,02:00:00,02:59:00,261.5,75.5,10.24,0.3
2015-11-19,03:00:00,03:59:00,243.33,72.25,10.22,0.3
2015-11-19,04:00:00,04:59:00,258.0,64.92,10.73,0.3
2015-11-19,05:00:00,05:59:00,217.67,62.33,10.42,0.3
2015-11-19,06:00:00,06:59:00,190.33,64.0,9.89,0.3
2015-11-19,07:00:00,07:59:00,185.67,60.58,10.93,0.3
2015-11-19,08:00:00,08:59:00,181.67,49.42,14.85,0.3
2015-11-19,09:00:00,09:59:00,196.33,40.33,19.0,0.4
2015-11-19,10:00:00,10:59:00,210.67,34.5,22.67,0.43
2015-11-19,11:00:00,11:59:00,233.91,30.08,25.52,0.41
2015-11-19,12:00:00,12:59:00,302.5,27.08,26.34,0.59
2015-11-19,13:00:00,13:59:00,851.5,27.67,26.07,0.74
2015-11-19,14:00:00,14:59:00,182.33,26.5,25.12,0.67
2015-11-19,15:00:00,15:59:00,173.5,29.5,23.99,0.59
2015-11-19,16:00:00,16:59:00,175.5,36.83,21.75,0.3
2015-11-19,17:00:00,17:59:00,210.33,52.75,17.47,0.3
2015-11-19,18:00:00,18:59:00,288.83,64.17,15.09,0.3
2015-11-19,19:00:00,19:59:00,390.33,69.33,13.97,0.3
2015-11-19,20:00:00,20:59:00,480.5,72.33,13.46,0.3
2015-11-19,21:00:00,21:59:00,475.33,72.0,13.08,0.3
2015-11-19,22:00:00,22:59:00,361.83,72.92,12.42,0.3
2015-11-19,23:00:00,23:59:00,361.0,74.7,11.76,0.3
2015-11-20,00:00:00,00:59:00,348.83,78.0,10.9,0.3
2015-11-20,01:00:00,01:59:00,289.83,79.0,10.65,0.3
2015-11-20,02:00:00,02:59:00,274.83,79.0,10.37,0.3
2015-11-20,03:00:00,03:59:00,277.83,79.75,9.87,0.3
2015-11-20,04:00:00,04:59:00,275.5,78.5,9.97,0.3
2015-11-20,05:00:00,05:59:00,296.0,76.58,9.76,0.3
2015-11-20,06:00:00,06:59:00,318.5,74.75,9.54,0.3
2015-11-20,07:00:00,07:59:00,379.67,75.58,9.86,0.3
2015-11-20,08:00:00,08:59:00,482.5,60.92,14.06,0.3
2015-11-20,09:00:00,09:59:00,416.0,46.92,18.75,0.43
2015-11-20,10:00:00,10:59:00,440.33,36.33,23.36,0.5
2015-11-20,11:00:00,11:59:00,270.0,31.17,25.48,0.48
2015-11-20,12:00:00,12:59:00,172.64,31.92,25.78,0.48
2015-11-20,13:00:00,13:59:00,145.33,35.58,24.65,0.42
2015-11-20,14:00:00,14:59:00,273.67,31.92,24.74,0.44
2015-11-20,15:00:00,15:59:00,191.17,30.25,24.2,0.33
2015-11-20,16:00:00,16:59:00,112.33,37.42,21.37,0.3
2015-11-20,17:00:00,17:59:00,124.0,54.83,16.87,0.3
2015-11-20,18:00:00,18:59:00,187.0,64.5,14.92,0.3
2015-11-20,19:00:00,19:59:00,263.83,68.58,13.98,0.3
2015-11-20,20:00:00,20:59:00,339.5,72.17,13.27,0.3
2015-11-20,21:00:00,21:59:00,431.33,74.92,12.6,0.3
2015-11-20,22:00:00,22:59:00,462.33,76.33,12.13,0.3
2015-11-20,23:00:00,23:59:00,384.0,77.3,11.72,0.3
2015-11-21,00:00:00,00:59:00,339.33,78.67,11.12,0.3
2015-11-21,01:00:00,01:59:00,321.33,79.08,10.63,0.3
2015-11-21,02:00:00,02:59:00,320.5,80.5,10.18,0.3
2015-11-21,03:00:00,03:59:00,316.5,78.75,10.26,0.3
2015-11-21,04:00:00,04:59:00,363.67,75.0,10.29,0.3
2015-11-21,05:00:00,05:59:00,382.67,72.33,9.99,0.3
2015-11-21,06:00:00,06:59:00,367.0,75.67,9.22,0.3
2015-11-21,07:00:00,07:59:00,411.0,75.75,10.14,0.3
2015-11-21,08:00:00,08:59:00,466.67,60.5,13.99,0.89
2015-11-21,09:00:00,09:59:00,381.83,49.25,17.82,0.62
2015-11-21,10:00:00,10:59:00,303.83,39.25,21.5,0.69
2015-11-21,11:00:00,11:59:00,231.33,32.5,24.88,0.51
2015-11-21,12:00:00,12:59:00,158.67,28.92,26.13,0.73
2015-11-21,13:00:00,13:59:00,96.17,28.0,26.43,0.88
2015-11-21,14:00:00,14:59:00,140.67,28.42,25.92,0.45
2015-11-21,15:00:00,15:59:00,134.73,29.67,24.43,0.4
2015-11-21,16:00:00,16:59:00,140.83,39.42,21.89,0.3
2015-11-21,17:00:00,17:59:00,172.83,56.42,17.41,0.3
2015-11-21,18:00:00,18:59:00,279.83,66.67,15.01,0.3
2015-11-21,19:00:00,19:59:00,370.17,70.5,14.05,0.3
2015-11-21,20:00:00,20:59:00,372.67,72.25,13.33,0.3
2015-11-21,21:00:00,21:59:00,359.5,75.5,12.53,0.3
2015-11-21,22:00:00,22:59:00,375.17,77.75,11.74,0.3
2015-11-21,23:00:00,23:59:00,366.0,79.5,11.22,0.3
2015-11-22,00:00:00,00:59:00,338.17,80.5,10.62,0.3
2015-11-22,01:00:00,01:59:00,331.17,81.0,10.3,0.3
2015-11-22,02:00:00,02:59:00,290.5,81.5,9.89,0.3
2015-11-22,03:00:00,03:59:00,284.83,82.0,9.8,0.3
2015-11-22,04:00:00,04:59:00,287.45,79.08,10.3,0.3
2015-11-22,05:00:00,05:59:00,261.17,73.67,10.48,0.3
2015-11-22,06:00:00,06:59:00,274.33,70.58,9.97,0.3
2015-11-22,07:00:00,07:59:00,269.5,69.25,10.22,0.3
2015-11-22,08:00:00,08:59:00,317.83,60.08,13.23,0.3
2015-11-22,09:00:00,09:59:00,347.33,46.08,18.6,0.3
2015-11-22,10:00:00,10:59:00,336.83,37.08,22.87,0.43
2015-11-22,11:00:00,11:59:00,252.83,30.33,25.68,0.61
2015-11-22,12:00:00,12:59:00,126.83,27.33,26.7,0.5
2015-11-22,13:00:00,13:59:00,86.5,27.42,26.91,0.41
2015-11-22,14:00:00,14:59:00,133.0,24.83,26.32,0.45
2015-11-22,15:00:00,15:59:00,110.0,30.75,24.53,0.3
2015-11-22,16:00:00,16:59:00,136.33,40.67,21.56,0.3
2015-11-22,17:00:00,17:59:00,180.5,55.67,17.4,0.3
2015-11-22,18:00:00,18:59:00,260.33,66.92,14.91,0.3
2015-11-22,19:00:00,19:59:00,362.17,72.08,13.75,0.3
2015-11-22,20:00:00,20:59:00,440.0,75.83,12.77,0.3
2015-11-22,21:00:00,21:59:00,458.5,77.5,12.22,0.3
2015-11-22,22:00:00,22:59:00,489.67,79.08,11.75,0.3
2015-11-22,23:00:00,23:59:00,433.0,80.0,11.07,0.3
2015-11-23,00:00:00,00:59:00,401.0,80.25,10.6,0.3
2015-11-23,01:00:00,01:59:00,335.5,81.0,10.01,0.3
2015-11-23,02:00:00,02:59:00,253.67,81.08,9.64,0.3
2015-11-23,03:00:00,03:59:00,234.67,81.75,9.25,0.3
2015-11-23,04:00:00,04:59:00,249.17,82.0,9.1,0.3
2015-11-23,05:00:00,05:59:00,253.67,82.92,8.74,0.3
2015-11-23,06:00:00,06:59:00,250.83,82.92,8.91,0.3
2015-11-23,07:00:00,07:59:00,280.67,80.5,9.62,0.3
2015-11-23,08:00:00,08:59:00,334.5,65.33,13.17,0.3
2015-11-23,09:00:00,09:59:00,339.33,48.67,18.03,0.32
2015-11-23,10:00:00,10:59:00,358.83,39.75,21.47,0.49
2015-11-23,11:00:00,11:59:00,366.0,29.67,25.28,0.32
2015-11-23,12:00:00,12:59:00,189.33,26.0,26.57,0.44
2015-11-23,13:00:00,13:59:00,107.17,24.67,26.83,0.4
2015-11-23,14:00:00,14:59:00,113.0,26.0,26.17,0.5
2015-11-23,15:00:00,15:59:00,121.33,29.92,24.25,0.46
2015-11-23,16:00:00,16:59:00,174.17,40.83,21.22,0.3
2015-11-23,17:00:00,17:59:00,238.67,57.08,16.94,0.3
2015-11-23,18:00:00,18:59:00,301.17,67.0,14.79,0.3
2015-11-23,19:00:00,19:59:00,400.67,71.08,14.09,0.3
2015-11-23,20:00:00,20:59:00,415.5,72.92,13.52,0.3
2015-11-23,21:00:00,21:59:00,407.83,74.92,12.6,0.3
2015-11-23,22:00:00,22:59:00,448.33,77.33,11.99,0.3
2015-11-23,23:00:00,23:59:00,405.0,78.7,11.5,0.3
2015-11-24,00:00:00,00:59:00,408.17,79.58,10.95,0.3
2015-11-24,01:00:00,01:59:00,371.5,77.92,10.83,0.3
2015-11-24,02:00:00,02:59:00,309.0,77.17,10.37,0.3
2015-11-24,03:00:00,03:59:00,304.5,79.67,9.58,0.3
2015-11-24,04:00:00,04:59:00,282.83,81.58,9.15,0.3
2015-11-24,05:00:00,05:59:00,289.5,81.83,9.07,0.3
2015-11-24,06:00:00,06:59:00,310.33,81.0,8.97,0.3
2015-11-24,07:00:00,07:59:00,362.33,78.33,9.83,0.3
2015-11-24,08:00:00,08:59:00,419.5,63.83,13.72,0.54
2015-11-24,09:00:00,09:59:00,429.33,47.42,18.49,0.88
2015-11-24,10:00:00,10:59:00,327.5,38.33,22.04,0.73
2015-11-24,11:00:00,11:59:00,250.0,32.33,24.65,0.78
2015-11-24,12:00:00,12:59:00,190.17,29.08,25.92,0.99
2015-11-24,13:00:00,13:59:00,145.33,29.67,25.6,1.24
2015-11-24,14:00:00,14:59:00,164.67,29.92,25.4,1.01
2015-11-24,15:00:00,15:59:00,151.17,31.75,24.49,0.68
2015-11-24,16:00:00,16:59:00,143.83,37.92,22.13,0.36
2015-11-24,17:00:00,17:59:00,159.67,51.33,17.78,0.36
2015-11-24,18:00:00,18:59:00,197.17,55.25,15.87,0.3
2015-11-24,19:00:00,19:59:00,227.0,59.33,14.63,0.3
2015-11-24,20:00:00,20:59:00,293.33,66.92,13.15,0.3
2015-11-24,21:00:00,21:59:00,383.17,66.0,12.82,0.3
2015-11-24,22:00:00,22:59:00,288.17,58.92,13.67,0.3
2015-11-24,23:00:00,23:59:00,234.0,59.3,13.27,0.3
2015-11-25,00:00:00,00:59:00,217.33,61.83,12.46,0.3
2015-11-25,01:00:00,01:59:00,227.33,61.75,12.22,0.3
2015-11-25,02:00:00,02:59:00,191.17,61.67,11.98,0.31
2015-11-25,03:00:00,03:59:00,177.0,63.42,11.53,0.3
2015-11-25,04:00:00,04:59:00,173.67,65.33,11.09,0.3
2015-11-25,05:00:00,05:59:00,156.17,65.75,11.17,0.4
2015-11-25,06:00:00,06:59:00,156.5,66.42,10.91,0.37
2015-11-25,07:00:00,07:59:00,180.5,67.17,10.82,0.49
2015-11-25,08:00:00,08:59:00,189.67,59.67,13.52,0.97
2015-11-25,09:00:00,09:59:00,197.83,50.58,16.56,1.54
2015-11-25,10:00:00,10:59:00,189.33,41.92,19.58,1.54
2015-11-25,11:00:00,11:59:00,149.17,32.25,22.77,1.74
2015-11-25,12:00:00,12:59:00,128.36,30.5,24.09,1.76
2015-11-25,13:00:00,13:59:00,76.0,25.18,25.58,1.75
2015-11-25,14:00:00,14:59:00,76.7,25.33,25.39,2.07
2015-11-25,15:00:00,15:59:00,82.8,27.33,24.27,1.65
2015-11-25,16:00:00,16:59:00,82.5,31.33,22.58,0.76
2015-11-25,17:00:00,17:59:00,91.55,37.5,19.69,0.41
2015-11-25,18:00:00,18:59:00,130.83,47.0,16.96,0.3
2015-11-25,19:00:00,19:59:00,185.36,56.33,15.12,0.3
2015-11-25,20:00:00,20:59:00,243.0,61.0,14.12,0.3
2015-11-25,21:00:00,21:59:00,273.09,53.5,14.93,0.3
2015-11-25,22:00:00,22:59:00,175.5,55.25,14.1,0.3
2015-11-25,23:00:00,23:59:00,192.0,59.3,12.97,0.3
2015-11-26,00:00:00,00:59:00,330.83,56.0,13.07,0.3
2015-11-26,01:00:00,01:59:00,848.67,58.33,12.22,0.3
2015-11-26,02:00:00,02:59:00,163.0,64.08,11.16,0.3
2015-11-26,03:00:00,03:59:00,146.67,71.33,10.19,0.3
2015-11-26,04:00:00,04:59:00,179.5,75.25,9.75,0.3
2015-11-26,05:00:00,05:59:00,234.0,76.0,9.62,0.3
2015-11-26,06:00:00,06:59:00,153.33,75.5,9.58,0.3
2015-11-26,07:00:00,07:59:00,212.5,75.92,10.33,0.3
2015-11-26,08:00:00,08:59:00,278.0,62.17,14.33,0.3
2015-11-26,09:00:00,09:59:00,276.0,41.92,19.83,0.32
2015-11-26,10:00:00,10:59:00,194.33,36.58,21.88,0.36
2015-11-26,11:00:00,11:59:00,200.0,27.17,25.26,0.63
2015-11-26,12:00:00,12:59:00,130.17,23.58,26.51,0.84
2015-11-26,13:00:00,13:59:00,60.0,23.67,26.6,1.01
2015-11-26,14:00:00,14:59:00,76.5,26.42,25.98,0.58
2015-11-26,15:00:00,15:59:00,67.17,31.08,23.61,0.39
2015-11-26,16:00:00,16:59:00,112.0,41.25,20.92,0.3
2015-11-26,17:00:00,17:59:00,141.17,51.67,18.57,0.3
2015-11-26,18:00:00,18:59:00,186.0,53.92,17.82,0.3
2015-11-26,19:00:00,19:59:00,185.0,56.42,16.88,0.3
2015-11-26,20:00:00,20:59:00,215.0,62.5,15.48,0.3
2015-11-26,21:00:00,21:59:00,275.17,68.0,14.54,0.3
2015-11-26,22:00:00,22:59:00,320.5,65.83,14.62,0.37
2015-11-26,23:00:00,23:59:00,293.0,58.4,15.04,0.3
2015-11-27,00:00:00,00:59:00,168.83,67.25,13.48,0.3
2015-11-27,01:00:00,01:59:00,194.17,69.5,13.46,0.32
2015-11-27,02:00:00,02:59:00,168.5,54.92,15.42,0.68
2015-11-27,03:00:00,03:59:00,129.17,48.92,14.81,0.45
2015-11-27,04:00:00,04:59:00,91.83,49.75,13.07,0.31
2015-11-27,05:00:00,05:59:00,76.5,52.75,11.48,0.3
2015-11-27,06:00:00,06:59:00,80.83,52.08,10.68,0.3
2015-11-27,07:00:00,07:59:00,94.33,51.83,11.15,0.52
2015-11-27,08:00:00,08:59:00,117.17,45.17,12.47,1.24
2015-11-27,09:00:00,09:59:00,118.67,44.33,14.01,1.21
2015-11-27,10:00:00,10:59:00,104.67,42.58,16.34,0.99
2015-11-27,11:00:00,11:59:00,158.17,41.08,18.77,0.77
2015-11-27,12:00:00,12:59:00,233.17,41.25,19.69,1.11
2015-11-27,13:00:00,13:59:00,232.83,44.42,19.52,1.01
2015-11-27,14:00:00,14:59:00,263.83,46.42,19.99,0.53
2015-11-27,15:00:00,15:59:00,327.83,49.58,19.9,0.3
2015-11-27,16:00:00,16:59:00,355.5,58.58,18.13,0.32
2015-11-27,17:00:00,17:59:00,354.17,64.92,17.64,0.3
2015-11-27,18:00:00,18:59:00,274.83,71.25,16.73,0.33
2015-11-27,19:00:00,19:59:00,327.67,75.42,15.95,0.31
2015-11-27,20:00:00,20:59:00,211.83,76.17,15.99,0.34
2015-11-27,21:00:00,21:59:00,181.0,78.25,15.31,0.36
2015-11-27,22:00:00,22:59:00,245.17,79.33,14.92,0.37
2015-11-27,23:00:00,23:59:00,191.0,80.5,14.17,0.34
2015-11-28,00:00:00,00:59:00,182.5,80.0,13.96,0.45
2015-11-28,01:00:00,01:59:00,177.0,79.17,13.88,0.39
2015-11-28,02:00:00,02:59:00,159.83,80.33,13.48,0.3
2015-11-28,03:00:00,03:59:00,153.33,82.0,13.05,0.3
2015-11-28,04:00:00,04:59:00,172.67,83.67,12.21,0.3
2015-11-28,05:00:00,05:59:00,164.09,84.75,11.46,0.3
2015-11-28,06:00:00,06:59:00,186.17,86.25,11.49,0.31
2015-11-28,07:00:00,07:59:00,221.67,86.08,13.46,0.51
2015-11-28,08:00:00,08:59:00,194.83,84.0,14.63,0.37
2015-11-28,09:00:00,09:59:00,195.83,79.25,15.84,1.36
2015-11-28,10:00:00,10:59:00,208.0,72.75,17.66,0.84
2015-11-28,11:00:00,11:59:00,224.0,63.67,20.11,0.92
2015-11-28,12:00:00,12:59:00,220.33,61.0,20.97,0.87
2015-11-28,13:00:00,13:59:00,182.83,60.33,20.73,2.08
2015-11-28,14:00:00,14:59:00,218.83,61.0,20.74,1.26
2015-11-28,15:00:00,15:59:00,251.33,63.0,20.12,0.98
2015-11-28,16:00:00,16:59:00,244.17,67.25,19.05,0.31
2015-11-29,10:00:00,10:59:00,258.67,60.67,19.7,0.65
2015-11-29,11:00:00,11:59:00,252.0,48.5,21.47,0.58
2015-11-29,12:00:00,12:59:00,256.17,44.83,22.97,0.66
2015-11-29,13:00:00,13:59:00,182.5,49.83,22.98,0.66
2015-11-29,14:00:00,14:59:00,224.17,51.25,22.27,0.46
2015-11-29,15:00:00,15:59:00,281.67,54.58,21.36,0.48
2015-11-29,16:00:00,16:59:00,216.5,61.25,20.06,0.31
2015-11-29,17:00:00,17:59:00,232.36,71.33,17.45,0.3
2015-11-29,18:00:00,18:59:00,283.33,78.42,15.82,0.3
2015-11-29,19:00:00,19:59:00,363.5,81.58,15.13,0.3
2015-11-29,20:00:00,20:59:00,433.5,83.42,14.55,0.3
2015-11-29,21:00:00,21:59:00,441.5,84.5,14.19,0.3
2015-11-29,22:00:00,22:59:00,400.5,85.0,13.83,0.3
2015-11-29,23:00:00,23:59:00,308.0,85.9,13.39,0.3
2015-11-30,00:00:00,00:59:00,317.33,86.0,13.03,0.3
2015-11-30,01:00:00,01:59:00,344.5,86.83,12.81,0.3
2015-11-30,02:00:00,02:59:00,316.83,87.0,12.42,0.3
2015-11-30,03:00:00,03:59:00,288.82,87.0,12.22,0.3
2015-11-30,04:00:00,04:59:00,280.33,87.08,12.07,0.3
2015-11-30,05:00:00,05:59:00,282.5,87.75,11.98,0.3
2015-11-30,06:00:00,06:59:00,269.0,88.0,11.64,0.3
2015-11-30,07:00:00,07:59:00,327.67,88.0,12.04,0.3
2015-11-30,08:00:00,08:59:00,404.83,87.67,14.11,0.3
2015-11-30,09:00:00,09:59:00,426.17,84.08,17.15,0.3
2015-11-30,10:00:00,10:59:00,308.17,66.83,20.9,0.33
2015-11-30,11:00:00,11:59:00,279.0,54.17,24.31,0.3
2015-11-30,12:00:00,12:59:00,228.33,52.67,25.19,0.37
2015-11-30,13:00:00,13:59:00,237.83,52.75,24.99,0.37
2015-11-30,14:00:00,14:59:00,307.83,55.0,24.22,0.36
2015-11-30,15:00:00,15:59:00,334.0,59.0,23.11,0.3
2015-11-30,16:00:00,16:59:00,316.45,66.67,21.03,0.3
2015-11-30,17:00:00,17:59:00,312.17,74.58,18.72,0.3
2015-11-30,18:00:00,18:59:00,345.33,78.83,17.54,0.3
2015-11-30,19:00:00,19:59:00,329.45,79.83,17.12,0.3
2015-11-30,20:00:00,20:59:00,310.5,78.67,16.4,0.3
2015-11-30,21:00:00,21:59:00,274.5,75.75,15.95,0.3
2015-11-30,22:00:00,22:59:00,281.5,78.5,14.49,0.3
2015-11-30,23:00:00,23:59:00,279.0,80.9,13.93,0.3
